Time;AAPL;MSFT;AMZN;TSLA;META;NVDA
2024-06-28 15:07:51;214.00999450683594;195.88999938964844;515.9901123046875;452.7349853515625;125.52989959716797;201.77699279785156
