Time;AAPL;MSFT;AMZN;TSLA;META;NVDA
2024-06-28 14:23:08;215.02999877929688;198.2449951171875;521.668701171875;454.739990234375;126.82050323486328;201.7239990234375
